cell_1_1,cell_1_2,cell_1_3,cell_1_4,cell_1_5,cell_2_1,cell_2_2,cell_2_3,cell_2_4,cell_2_5,cell_3_1,cell_3_2,cell_3_3,cell_3_4,cell_3_5,cell_4_1,cell_4_2,cell_4_3,cell_4_4,cell_4_5,cell_5_1,cell_5_2,cell_5_3,cell_5_4,cell_5_5,target_word,word_length
I,C,J,Y,J,I,H,L,E,N,Q,A,L,E,G,K,G,H,G,G,Z,Q,A,W,E,CHALLENGE,9
E,N,Y,Z,N,Z,O,G,G,I,M,D,E,A,J,S,A,T,A,Z,T,R,A,I,O,STRATEGY,8
A,F,I,D,A,W,O,N,E,G,H,D,Q,T,G,A,V,C,W,O,W,P,B,K,R,NETWORK,7
A,O,M,Y,N,N,A,F,F,A,Y,J,A,C,E,S,W,Q,O,Q,X,E,P,N,J,OCEAN,5
O,P,I,T,X,F,D,E,R,H,K,Q,A,l,O,H,S,O,L,F,Y,N,W,O,W,FOlLOW,6
A,I,N,P,W,T,N,O,Z,S,O,U,Y,H,Y,M,Q,Q,X,B,P,Y,X,Z,K,MOUNTAIN,8
S,E,I,B,D,T,X,B,G,S,C,I,H,R,P,Y,R,I,R,L,R,K,V,E,B,RIVER,5
M,L,A,N,I,F,E,O,R,U,A,P,T,P,G,H,E,A,E,N,W,I,Y,N,H,PENGUIN,7
R,S,L,O,C,X,J,U,F,V,B,O,N,I,X,Q,N,A,E,G,C,X,R,N,N,LUNAR,5
X,N,P,R,B,C,V,Y,Z,C,L,R,A,K,V,B,E,A,N,J,F,I,C,O,A,BEACON,6
K,P,Q,T,R,P,R,T,S,R,R,C,A,P,W,P,A,O,T,X,T,A,I,N,Z,CAPTAIN,7
L,K,O,V,I,X,M,B,A,O,O,E,L,B,D,M,R,C,H,L,R,G,D,A,Y,DOABLE,6
N,A,F,H,Z,T,A,S,Y,P,P,E,J,P,G,E,A,N,C,I,W,T,M,V,F,FANTASY,7
L,A,M,O,U,G,E,X,M,R,E,A,M,F,P,F,N,J,F,A,T,F,J,F,I,GLAMOUR,7
V,Y,T,H,H,A,V,V,A,B,F,X,E,R,T,I,S,E,V,N,A,T,Z,G,M,HARVEST,7
I,L,J,A,L,H,I,G,O,E,O,L,S,U,J,Y,I,E,E,Q,I,R,K,A,Q,JELAOUS,7
K,N,O,C,K,Z,C,O,U,O,L,A,F,T,O,T,C,M,S,Y,I,M,K,P,T,KNOCKOUT,8
P,U,S,B,O,O,T,C,H,Y,M,C,O,H,J,K,X,M,Y,J,D,T,O,D,Z,OCTOPUS,7
E,T,F,O,R,L,A,S,M,M,P,F,P,Y,X,A,F,I,R,H,K,L,E,X,I,PLATFORM,8
R,E,E,X,F,U,S,H,A,O,E,A,M,S,I,R,T,D,T,J,C,L,C,E,F,TREASURE,8
U,X,I,C,Z,N,I,W,S,E,V,V,E,R,S,F,I,C,R,V,E,D,J,Q,D,UNIVERSE,8
Q,X,Y,V,C,N,E,O,J,R,K,Y,W,E,O,O,R,V,H,Z,T,C,I,I,P,VICTORY,7
R,E,D,O,P,N,I,L,C,O,E,W,N,D,A,S,G,K,O,Z,S,E,V,S,T,WILDERNESS,10
